user_id,name,email,signup_date,city
1,George Leon,ana98@example.net,2024-12-19,Jenningsfurt
2,Lisa Bowman,mollymartinez@example.org,2024-10-24,Emilyberg
3,Brianna Joseph,maciaschristopher@example.net,2025-05-25,Lake Nicholas
4,Melissa Nguyen,corywilkinson@example.com,2025-02-28,Brownburgh
5,Theresa Serrano,jeffreybrown@example.com,2025-09-05,Davisberg
6,Kelly Alvarado,jeffreybates@example.com,2024-10-05,Jefferyland
7,Maria Lucero,scottsmith@example.com,2024-12-28,Morganchester
8,Felicia Pitts,bperez@example.org,2024-02-17,South Stephanieburgh
9,Devin Fernandez,gwiggins@example.com,2024-12-26,Williamberg
10,Nancy Castillo,reillychristopher@example.com,2025-03-17,Jessicastad
11,Marissa Howell,rosecindy@example.org,2024-05-18,Port Kevin
12,Madison Montoya,javierday@example.org,2025-08-24,South Gabriella
13,Bobby Webb,bryanjohnson@example.org,2025-03-10,Taylorview
14,Christopher Browning,usanchez@example.net,2024-05-28,Padillamouth
15,Timothy Garza,craig25@example.com,2025-08-02,Christopherhaven
16,Elizabeth Taylor,marcushess@example.com,2025-01-01,Gardnerburgh
17,Jeremy Pierce,lindadiaz@example.net,2024-10-19,New Teresa
18,Cody Miller,margaretallen@example.com,2025-02-25,New Gregory
19,Richard Hudson,smithteresa@example.com,2023-12-03,Emilyshire
20,Robin Graham,gonzalezjake@example.com,2025-07-12,Vargasberg
21,Helen Clarke DDS,meghandavis@example.org,2024-12-23,Jacquelineland
22,Angel Taylor,andersonterri@example.org,2025-08-24,South Bethanyberg
23,Sherri Russell,herreraeric@example.com,2025-07-18,Leahburgh
24,Laura Peterson,masonwilliam@example.com,2025-02-26,Andersonmouth
25,Evelyn Dunn,kgonzalez@example.org,2025-04-30,Rodneyshire
26,Shelly Henson,bmiller@example.org,2024-12-12,Reynoldsburgh
27,Janice Hunt,suzanne80@example.net,2025-03-18,Williamston
28,Rebekah Martinez,farleystephen@example.com,2025-10-17,Kimberlystad
29,William Bradley,martinamy@example.org,2024-08-12,Scottberg
30,Nicole Rodriguez,samantha01@example.net,2025-07-09,Williamsview
31,Robert Walls,brenda19@example.net,2025-03-24,Smithbury
32,Kellie Alexander,mullenadam@example.com,2024-08-24,Fergusonfurt
33,Valerie Ochoa,hmills@example.net,2025-01-08,Lisabury
34,David Wade,coryboyd@example.org,2025-07-02,Port Ashley
35,Richard Johnson,juan89@example.com,2024-10-12,Garnerton
36,Annette Maynard,robertlyons@example.org,2025-02-24,Lake Lisaton
37,Michelle Garcia,deanward@example.org,2024-08-05,Lake Rhonda
38,Michelle Stephens,henry04@example.com,2024-01-07,Davidberg
39,Luis Johnson,trivera@example.net,2025-05-24,Lake Stacie
40,James Hernandez,rrasmussen@example.org,2024-01-20,Ryanmouth
41,John White,stephensontimothy@example.net,2024-01-29,South Shawnport
42,Steven Ross,stevenbates@example.com,2025-09-28,South Michael
43,Kelsey Silva,jasonkelly@example.org,2024-01-11,Brandonfurt
44,Paul Whitney,kimberlybrown@example.net,2025-07-02,Warrenview
45,Mary Chang,alyssa66@example.net,2025-10-26,Lake Sarahtown
46,Matthew Shepard,barbarabarry@example.net,2024-08-31,South Tiffanyland
47,Patricia Wheeler,randall08@example.net,2024-02-08,Lake Andrewborough
48,Alicia Sanchez,haleamber@example.net,2024-09-10,Fieldshaven
49,Jeremy Henry,qstewart@example.org,2025-07-05,New Thomas
50,Victoria Howell,briggsregina@example.com,2023-11-21,Levyland
51,Richard Wilson,lindsaysimpson@example.org,2024-10-09,South Jamesstad
52,Justin Price,michaelmiller@example.net,2023-12-30,New Margaretfort
53,Timothy Davis,smithjustin@example.org,2025-02-21,West Anna
54,David Salas,ysnyder@example.org,2024-10-20,North Bridget
55,Brittany Taylor,larry91@example.com,2025-08-12,Lisaberg
56,David Garcia,rmcmahon@example.com,2025-09-21,South Hannahtown
57,Richard Warren,coleleon@example.net,2025-11-01,New Ernest
58,Dawn Hall,callahanbobby@example.net,2025-06-17,Burnettbury
59,Mary Morgan,briangoodwin@example.net,2025-07-15,Nguyenmouth
60,Gina Austin,kimberlyrobertson@example.net,2025-08-22,West Heather
61,Melissa Marshall,joseph84@example.net,2024-10-19,Careymouth
62,Christine Powers,morrisvickie@example.org,2024-02-15,Pennyhaven
63,Sierra Hill,bakerjason@example.com,2024-09-02,South Seanport
64,Katherine King,elizabethwade@example.org,2024-02-15,North Ericland
65,Jacob Walker,andrewskenneth@example.org,2024-08-03,East Scottborough
66,Susan Macias,bryantkevin@example.net,2024-04-13,Davidshire
67,Courtney Nelson,barkerjeremy@example.org,2024-05-25,Lake Zachary
68,Robert Sanchez,karenarcher@example.org,2025-09-17,South Wendyland
69,Jacqueline Carter,brandonguzman@example.net,2025-04-13,North Ethan
70,Adam Medina,christiankristy@example.com,2025-05-14,Farmerburgh
71,Dr. Rhonda Powell MD,brownalexandra@example.com,2025-10-10,West Adam
72,Mikayla Perez,jeremy34@example.net,2025-05-21,West Josephtown
73,Brittany Howard,nguyencarl@example.net,2024-02-07,North Patricialand
74,Lisa Norris,jcampbell@example.com,2024-08-05,North Paulberg
75,Kathleen Garner,sherryparker@example.com,2025-04-27,East Lisastad
76,Brittany Johnson,sarahcarr@example.org,2025-01-01,West Daniel
77,Jennifer Rodriguez,jennifertucker@example.org,2025-06-22,Dawnview
78,Lisa Morrow,brewercynthia@example.com,2025-06-25,Lake Josephborough
79,Jeffrey Kelly,brandon36@example.net,2023-12-17,Michaelton
80,Roger Smith,kendra79@example.org,2025-02-10,South Christopherville
81,Amy Jones,wcervantes@example.net,2024-08-26,South Cassiebury
82,Angela Bright,lori19@example.org,2024-05-10,Zimmermanmouth
83,Lauren Barnes,jameswebster@example.com,2024-04-23,West Nicoleside
84,David Harris,williamsthomas@example.com,2024-09-28,Morenomouth
85,Sarah Thompson,bmcdaniel@example.com,2025-08-21,Millerview
86,Danny Kim,david54@example.org,2024-12-24,East Matthew
87,Robin Allen,ronaldcabrera@example.net,2024-07-10,Port Veronicachester
88,Brian Bolton,wrightjohn@example.net,2025-07-30,Mosesshire
89,Terri Randall,richardnelson@example.org,2025-09-28,Rojasview
90,Brendan Decker,allison79@example.org,2023-11-23,Dannyborough
91,Steven Yates,kristineanderson@example.org,2023-11-30,Whitetown
92,Gary Lambert,ggarrison@example.net,2025-09-17,North Andrew
93,Derek Price,david50@example.com,2024-09-24,Kellyport
94,Adam Nguyen,charles83@example.org,2025-01-31,Port Miguelton
95,Austin Gonzales,mikayla01@example.net,2024-10-01,West Amymouth
96,Mary Curtis,qlong@example.org,2025-10-10,Glennfort
97,Stanley Mcclure,rcruz@example.net,2024-03-06,West Reginaldhaven
98,Rebecca Powers,joseph75@example.net,2024-06-08,Parkerstad
99,Amy Smith,lgonzalez@example.net,2025-01-03,North Nicoleton
100,Anna Wright,ucuevas@example.org,2024-05-10,Port Jessicaton
101,Susan Byrd,rriley@example.org,2025-05-19,East Fernando
102,Shawn Little,kellybenson@example.net,2024-01-15,Nelsontown
103,Denise Hanson,juarezjane@example.net,2025-09-22,Johnsonville
104,Jason Flores,washingtoncynthia@example.com,2025-07-01,Lake Henry
105,Douglas Maldonado,fromero@example.com,2025-11-03,West Patricia
106,Karen Flynn,carmen97@example.org,2024-09-05,Oliviafurt
107,Jeremy Chapman Jr.,watsonkim@example.com,2025-03-24,Garzaport
108,Scott Miller,mollygreene@example.net,2025-01-08,Stephaniebury
109,David Moran,peggy14@example.com,2023-12-28,Erinstad
110,John Freeman,lwhite@example.net,2024-10-28,Mcculloughshire
111,Howard Munoz,wlong@example.com,2024-07-15,Lake Tammy
112,Mary Torres,zsanford@example.com,2025-02-20,Garciashire
113,Donna Meyers,andreacastro@example.org,2025-05-20,South Bridget
114,Justin Mitchell,jeffrey91@example.org,2024-07-05,East Ianville
115,Katherine Adams,bjohnson@example.org,2024-08-26,Michaelshire
116,Robin Wheeler,tking@example.org,2024-03-02,Carolynstad
117,Savannah Gonzales,harrismichael@example.net,2024-05-15,Simmonsmouth
118,Dr. Regina Nguyen DDS,mramirez@example.net,2024-10-20,Smithtown
119,Benjamin Fisher,fanderson@example.net,2024-09-30,Port Mistyshire
120,Cynthia Hayes,fowlergregory@example.net,2025-02-14,West Chris
121,William Jackson,tina06@example.com,2025-06-30,Lake Eugene
122,Alexander Hernandez,fleach@example.org,2024-08-23,Susanside
123,Rita Cook,edwardslaura@example.com,2024-12-06,Jameschester
124,Kaitlyn West,tonymeadows@example.org,2025-07-22,East Brendabury
125,Adam Torres,ghall@example.com,2025-04-23,Marquezside
126,Timothy Park,garciacody@example.com,2024-05-08,South Joanna
127,Mr. Robert Rodriguez,christina93@example.com,2025-01-25,East Adam
128,April Brown,anthony60@example.net,2024-02-04,Lisamouth
129,Jessica Rogers,lauriewhitehead@example.org,2025-06-02,Lindaview
130,Billy Johnson,sherryromero@example.com,2025-11-07,Bartlettfort
131,Amber Campbell,jennifer64@example.net,2025-11-11,Ramirezshire
132,Gregory Lara,mary17@example.org,2024-11-02,Austinton
133,Gina Bowen,molly96@example.net,2024-07-07,Gateston
134,Andrew Parker,stephen68@example.net,2025-08-04,Sandrafort
135,Stephen Mcdonald,tina60@example.com,2024-06-25,Brewermouth
136,Alejandro Williams,brownashley@example.com,2024-12-28,East Jonathanmouth
137,Robert Bass,holly99@example.net,2025-06-11,Lake Sonyaberg
138,Jessica Fox,larryyoder@example.net,2024-05-12,East Jonathanhaven
139,Paula Hancock,jay76@example.net,2025-09-10,Port Richardburgh
140,William Costa,gregory07@example.net,2024-07-18,Phamland
141,Alexandria Allen,epotter@example.com,2024-06-18,East Meaganfurt
142,Cassandra White,castanedaleah@example.org,2024-03-30,Port Raymond
143,Danielle James,jeffreythompson@example.com,2024-10-12,Matthewshire
144,Thomas Lee,julia87@example.com,2025-08-27,Smithchester
145,Zachary Carrillo,saundersrichard@example.com,2024-02-23,Johnsonhaven
146,Kimberly Castillo,austin29@example.net,2025-09-12,Torresfort
147,Michelle Cohen,robertlindsey@example.com,2024-03-25,South Jennifer
148,Mrs. Kendra Diaz,deborahhernandez@example.org,2025-01-28,Stevenshire
149,Judy Martinez,shortjeremy@example.org,2025-05-18,North Adamhaven
150,Theodore Bowen,hicksamanda@example.com,2024-08-21,East Mary
151,Steven Dean,brittany32@example.org,2023-12-08,Gabrielaland
152,Kyle Hernandez,pdiaz@example.net,2024-11-16,South Donaldberg
153,John Allen,williamprice@example.net,2025-06-06,Finleyburgh
154,Johnathan Jennings,barnettcathy@example.com,2023-11-25,Marktown
155,David Carey,hcummings@example.org,2024-11-06,Port Parkerchester
156,Shane Hansen,nturner@example.net,2024-05-14,South Michaelmouth
157,Susan James MD,cooperjohn@example.org,2025-09-15,New Benjaminton
158,Gregory Fletcher,sullivanrhonda@example.net,2024-08-06,West Amanda
159,Alicia Henry,cbrown@example.net,2024-03-28,North Rhondaberg
160,Scott Duke,wsandoval@example.org,2024-11-24,Griffinchester
161,Mary Carter,imorris@example.org,2024-03-06,South Christinamouth
162,Eric Robles,patelrobert@example.com,2024-02-02,West Patricia
163,Mark Ruiz,carlsoncynthia@example.net,2025-05-07,Alexisberg
164,Monica Bell,dominiqueolsen@example.com,2024-08-24,Gentryborough
165,Xavier Barron,tonya19@example.com,2024-06-02,Port Elizabeth
166,Christian Lee,webstergabriel@example.com,2025-06-18,Lake Jane
167,Mrs. Samantha Vazquez MD,kimdixon@example.com,2024-09-03,Barnesfort
168,Jacob Young,hollybrown@example.com,2024-10-09,Port Jorgemouth
169,Christina Perry,ramirezdennis@example.net,2025-02-12,Smithville
170,Melissa Ramsey,fernandomiller@example.net,2025-06-29,South Hannahhaven
171,William Rodriguez,davidlong@example.com,2024-04-02,South Carlland
172,Brenda Clark,cprice@example.org,2023-11-16,South Jeffreystad
173,Curtis Pena,lisa31@example.net,2024-08-29,Yangland
174,Robert Bennett,twilliams@example.net,2025-05-24,Amberburgh
175,Jeff Bullock,hcampbell@example.net,2025-06-04,Thomasstad
176,Mark Le,ramirezkristin@example.org,2025-05-28,Johnberg
177,Wanda Stevens,ebony49@example.org,2025-04-29,Curtisfort
178,Monica Torres,kgreer@example.net,2024-03-21,North Emily
179,John Calderon,brandonanderson@example.net,2024-03-20,Thomasfort
180,Brooke Miller,zvelazquez@example.net,2025-03-26,Noahland
181,Frances Perez,thomas77@example.com,2024-04-19,Barreraland
182,Ian Davis,ashley87@example.org,2024-04-06,Mariafort
183,Laura Newton,daniel24@example.net,2025-11-07,Nathanmouth
184,Eileen Coleman,nstewart@example.com,2024-11-27,New Faithburgh
185,Madeline Norris,lray@example.org,2025-11-12,Silvaton
186,Joshua Gibbs,kevinjohnson@example.org,2025-06-14,Maryburgh
187,Dr. Theresa Jackson,ralphdominguez@example.net,2025-02-04,Christopherland
188,Erica Sanford,reginald84@example.org,2024-09-05,Walterfort
189,Kevin Johnson,pricedarryl@example.com,2024-10-02,Port Wendyborough
190,Kevin Sawyer,allison60@example.com,2025-01-26,New Michaelberg
191,Nathan Kelley,williamsphillip@example.net,2024-04-26,Ericaport
192,Susan Lutz,patrickdavis@example.net,2024-12-30,Davisview
193,Stephanie Johnson,umiller@example.com,2025-06-13,Dyerhaven
194,Sandra Durham,krystalwright@example.com,2025-09-08,East Joseport
195,Amy Irwin,kgraves@example.net,2024-11-13,Phillipstad
196,Jackie Williams,mitchellwalter@example.org,2025-04-15,Pamelaview
197,Michael Coleman,theresaskinner@example.org,2024-11-01,West Aaron
198,Melissa Berg,hneal@example.net,2025-02-07,North Stacey
199,Natalie Evans,meganwilson@example.org,2025-04-07,Lake Carolberg
200,Christopher Sims,thomaspatterson@example.com,2023-11-28,South Elizabethville
